"2","1","Chleb","1","10.0"
"2","1","Chleb","1","10.0"
"2","1","Chleb","1","10.0"
"2","1","Chleb","1","10.0"
"2","1","Chleb","1","10.0"
"2","1","Chleb","1","10.0"
"2","1","Chleb","1","10.0"
"2","1","Chleb","1","10.0"
"2","1","Chleb","1","10.0"
"2","1","Chleb","1","10.0"
"2","1","Chleb","1","10.0"
"2","1","Chleb","1","10.0"
"2","1","Chleb","1","10.0"
"2","1","Chleb","1","10.0"
"2","1","Chleb","1","10.0"
"2","1","Chleb","1","10.0"
"2","1","Chleb","1","10.0"
"2","1","Chleb","1","10.0"
"2","1","Chleb","1","10.0"
"2","1","Chleb","1","10.0"
"2","1","Chleb","1","10.0"
"2","1","Chleb","1","10.0"
"2","1","Chleb","1","10.0"
"2","1","Chleb","1","10.0"
"2","1","Chleb","1","10.0"
"2","1","Chleb","1","10.0"
"2","1","Chleb","1","10.0"
"2","1","Chleb","1","10.0"
"2","1","Chleb","1","10.0"
"2","1","Chleb","1","10.0"
"2","1","Chleb","1","10.0"
"2","1","Chleb","1","10.0"
"2","1","Chleb","1","10.0"
"2","1","Chleb","1","10.0"
"2","1","Chleb","1","10.0"
"2","1","Chleb","1","10.0"
"2","1","Chleb","1","10.0"
"2","1","Chleb","1","10.0"
"2","1","Chleb","1","10.0"
"2","1","Chleb","1","10.0"
"2","1","Chleb","1","10.0"
"2","1","Chleb","1","10.0"
"2","1","Chleb","1","10.0"
"2","1","Chleb","1","10.0"
"2","1","Chleb","1","10.0"
"2","1","Chleb","1","10.0"
"2","1","Chleb","1","10.0"
"2","1","Chleb","1","10.0"
"2","1","Chleb","1","10.0"
"2","1","Chleb","1","10.0"
"2","1","Chleb","1","10.0"
"2","1","Chleb","1","10.0"
"2","1","Chleb","1","10.0"
"2","1","Chleb","1","10.0"
"2","1","Chleb","1","10.0"
"2","1","Chleb","1","10.0"
"2","1","Chleb","1","10.0"
"2","1","Chleb","1","10.0"
"2","1","Chleb","1","10.0"
"2","1","Chleb","1","10.0"
"2","1","Chleb","1","10.0"
"2","1","Chleb","1","10.0"
"2","1","Chleb","1","10.0"
"2","1","Chleb","1","10.0"
